{
  "Workflows": [
    {
      "Path": null,
      "SortBy": 0,
      "VariablesSectionElementsOrder": [],
      "ArgumentsSectionElementsOrder": null,
      "ConstantsSectionElementsOrder": [],
      "AddedNamespaces": null
    },
    {
      "Path": "Main.xaml",
      "SortBy": 0,
      "VariablesSectionElementsOrder": [
        "GlobalConfigDict&Sequence_1",
        "ConfigSheetID&Sequence_1",
        "OfferIDMappingDT&Sequence_1",
        "LocationMappingDT&Sequence_1",
        "AdviserIDMappingDT&Sequence_1",
        "DailyFileSheetID&Sequence_1",
        "ConsolidatedReportDT&Sequence_1",
        "LastProcessedDate&Sequence_1",
        "TotalDaysToProcess&Sequence_1",
        "ProcessDate&Sequence_1",
        "ProcessDateDT&Sequence_1",
        "ProcessDateIndex&Sequence_1",
        "EmailBody&Sequence_1",
        "TotalRecordsProcessed&Sequence_1",
        "RecordsProcessedPerPortal&Sequence_1",
        "PolicyTypeMappingDT&Sequence_1",
        "Email&Sequence_1",
        "PartnerCodeMappingDict&Sequence_1",
        "DT&Sequence_1"
      ],
      "ArgumentsSectionElementsOrder": [],
      "ConstantsSectionElementsOrder": [],
      "AddedNamespaces": null
    },
    {
      "Path": "Process/CommonComponent/AllPortal_SwitchFlow.xaml",
      "SortBy": 0,
      "VariablesSectionElementsOrder": [],
      "ArgumentsSectionElementsOrder": [
        "in_ProcessDateDT",
        "in_RecordsProcessedPerPortal",
        "in_LastProcessedDate",
        "in_TotalDaysToProcess",
        "in_ProcessDate",
        "in_TotalRecordsProcessed",
        "in_OfferIDMappingDT",
        "in_AdviserIDMappingDT",
        "in_Email",
        "in_ConsolidatedReportDT",
        "in_GlobalConfigDict",
        "in_DailyFileSheetID",
        "in_EmailBody",
        "in_ConfigSheetID",
        "in_ProcessDateIndex",
        "in_PolicyTypeMappingDT",
        "in_PartnerCodeMappingDict"
      ],
      "ConstantsSectionElementsOrder": [],
      "AddedNamespaces": null
    },
    {
      "Path": "Process/SecureTravel/SecureTravelMainFlow.xaml",
      "SortBy": 0,
      "VariablesSectionElementsOrder": [
        "BrowserObject&Sequence_1",
        "ResultDT&Sequence_1",
        "PolicyNumber&Sequence_1",
        "NewResultDT&Sequence_1",
        "MainResultDT&Sequence_1",
        "index&Sequence_1",
        "TransactionStatus&Sequence_1",
        "TransactionException&Sequence_1",
        "UserName&Sequence_1",
        "PortalPassword&Sequence_1",
        "PortalURL&Sequence_1",
        "DailyReportDT&Sequence_1",
        "NewDailyReportDT&Sequence_1",
        "strPassword&Sequence_1",
        "ScrapingCollectionOfDict&Sequence_1",
        "PortalNameinOfferMapping&Sequence_1",
        "OfferID&Sequence_1",
        "Creds&Sequence_1",
        "Email&Sequence_1",
        "Responsejson&Sequence_1",
        "Encrypted_Data&Sequence_1",
        "PolicyName_ForConsolidated&Sequence_1",
        "Sale_date&Sequence_1",
        "variable1&Sequence_15"
      ],
      "ArgumentsSectionElementsOrder": [
        "in_UserName",
        "in_ProcessedDate",
        "in_ConsolidatedDT",
        "in_GlobalConfigDict",
        "in_PortalName",
        "in_DailyReportID",
        "in_OfferIDMappingDT",
        "out_TotalRecordsProcessCount",
        "Email"
      ],
      "ConstantsSectionElementsOrder": [],
      "AddedNamespaces": null
    },
    {
      "Path": "Process/SecureTravel/SecureTravelScrapingRequiredData.xaml",
      "SortBy": 0,
      "VariablesSectionElementsOrder": [
        "PolicyNumber&Sequence_1",
        "FirstName&Sequence_1",
        "LastName&Sequence_1",
        "strDOB&Sequence_1",
        "PolicyPremium&Sequence_1",
        "EmailID&Sequence_1",
        "PhoneNumber&Sequence_1",
        "AddressLine1&Sequence_1",
        "AddressLine2&Sequence_1",
        "BenificiaryName&Sequence_1",
        "BenifificiaryRelation&Sequence_1",
        "EffectiveDate&Sequence_1",
        "ExpireDate&Sequence_1",
        "CoverageAmount&Sequence_1",
        "CityName&Sequence_1",
        "ProvienceName&Sequence_1",
        "CountryName&Sequence_1",
        "PostalCode&Sequence_1",
        "strName&Sequence_1",
        "strAddress&Sequence_1",
        "SalesDate&Sequence_1",
        "PremiumPrice&Sequence_1",
        "PaymentOption&Sequence_1",
        "Advisor_Prohibited_Behaviour_Compliance_List&Sequence_1",
        "Compliance_with_Advisor_Code_of_Conduct_List&Sequence_1",
        "PolicyType&Sequence_1",
        "InsuredPerson2Exist&Sequence_1",
        "io_ScrapeDataDict&Sequence_1",
        "MainPolicyType&Sequence_1",
        "CoverageLength&Sequence_1",
        "InsuredPersonList&Sequence_1",
        "InsuredPersonDict&Sequence_1",
        "PolicyNoFirst&Sequence_2",
        "PolicyNoSecond&Sequence_2",
        "PolicyNoThird&Sequence_2",
        "SearchPopupExist&Sequence_56",
        "strDay&Sequence_58",
        "StrMonth&Sequence_58",
        "strYear&Sequence_58",
        "bool_CoverageAmountVisible&Sequence_7",
        "bool_PaymentOptionVisible&Sequence_6"
      ],
      "ArgumentsSectionElementsOrder": [
        "in_BrowserObj",
        "in_PortalName",
        "out_ScrapingCollectionOfDict",
        "in_PolicyNumberDT"
      ],
      "ConstantsSectionElementsOrder": [],
      "AddedNamespaces": null
    },
    {
      "Path": "Process/CommonComponent/InitAllSetting.xaml",
      "SortBy": 0,
      "VariablesSectionElementsOrder": [
        "MainConfigDT&Sequence_1",
        "PartnerCodeMappingDT&Sequence_1"
      ],
      "ArgumentsSectionElementsOrder": [
        "in_ConfigSheetID",
        "out_OfferIDMappingDT",
        "out_LocationMappingDT",
        "out_AdviserIDMappingDT",
        "io_GolbalConfigDict",
        "out_ConsolidatedReportDT",
        "out_ProcessDateDT",
        "out_PolicyTypeDMappingDT",
        "out_PartnerCode_Dict",
        "out_EmailID"
      ],
      "ConstantsSectionElementsOrder": [],
      "AddedNamespaces": null
    },
    {
      "Path": "Process/CommonComponent/CreateDailyReport.xaml",
      "SortBy": 0,
      "VariablesSectionElementsOrder": [
        "DailyFileName&Sequence_1",
        "parentFolderID&Sequence_1",
        "ResultFiles&Sequence_1"
      ],
      "ArgumentsSectionElementsOrder": [
        "out_DailyFileSheetID",
        "in_GlobalConfigDict",
        "in_ConsolidatedReportDT",
        "out_EmailBody"
      ],
      "ConstantsSectionElementsOrder": [],
      "AddedNamespaces": null
    },
    {
      "Path": "Process/SecureTravel/Login_Secure Travel.xaml",
      "SortBy": 0,
      "VariablesSectionElementsOrder": [
        "BrowserType&Sequence_10",
        "LoginPageIsExist&Sequence_1",
        "LoginSuccessPage&Sequence_1",
        "Count&Sequence_1",
        "bool_LoginFailed&Sequence_1"
      ],
      "ArgumentsSectionElementsOrder": [
        "in_Url",
        "in_UserName",
        "in_Password",
        "out_BrowserObject",
        "in_Config",
        "in_PortalUserName"
      ],
      "ConstantsSectionElementsOrder": [],
      "AddedNamespaces": null
    },
    {
      "Path": "Process/SecureTravel/SecureTravelGetAllResult.xaml",
      "SortBy": 0,
      "VariablesSectionElementsOrder": [
        "SearchPopupExist&Sequence_1",
        "DownloadButtonExist&Sequence_1",
        "NoRecordMessageExist&Sequence_1",
        "ExtractDataTable&Sequence_4"
      ],
      "ArgumentsSectionElementsOrder": [
        "in_BrowserObj",
        "in_FromSalesDate",
        "in_ToSalesDate",
        "out_ResultDT",
        "in_ProcessedDate"
      ],
      "ConstantsSectionElementsOrder": [],
      "AddedNamespaces": null
    },
    {
      "Path": "Process/SecureTravel/SecureTravelSearchByPolicyID.xaml",
      "SortBy": 0,
      "VariablesSectionElementsOrder": [
        "SearchPopupExist&Sequence_1"
      ],
      "ArgumentsSectionElementsOrder": [
        "in_BrowserObj",
        "in_PolicyNumber"
      ],
      "ConstantsSectionElementsOrder": [],
      "AddedNamespaces": null
    },
    {
      "Path": "Process/CommonComponent/UpdateToZOHOCRMAPI.xaml",
      "SortBy": 0,
      "VariablesSectionElementsOrder": [
        "MainPolicyJson&Sequence_1",
        "APIKey&Sequence_1",
        "WebURL&Sequence_1",
        "ResponseStatus&Sequence_1",
        "Advisor_ProhibitedJarray&Sequence_1",
        "Compliance_with_AdvisorJarray&Sequence_1"
      ],
      "ArgumentsSectionElementsOrder": [
        "PolicyPremium",
        "PolicyStartDate",
        "PolicyType",
        "PremiumFrequency",
        "ClientAddress",
        "ClientMobile",
        "LayoutID",
        "OfferingID",
        "DOBInsured",
        "Email",
        "PolicyName",
        "PolicyAdviserID",
        "LocationID",
        "PolicyNumber",
        "PolicyAmount",
        "Beneficiary_1_Relationship_with_Insured",
        "Insured",
        "Beneficiary_1_Email",
        "Beneficiary_1_Phone",
        "PolicyIssuedDate",
        "ApplicationDate",
        "ApplicationSubmittedOn",
        "ApplicationFollowUpDate",
        "PolicyRenewalDate",
        "IsClientPolicyOwner",
        "AretheremultipleOwnersForThisPolicy",
        "PolicyOwnedBy",
        "IsClientPolicyInsured",
        "Number_of_Beneficiaries",
        "Are_there_Trustees_for_this_Policy",
        "Client_s_First_Policy1",
        "Advisor_Prohibited_Behaviour_Compliance",
        "Compliance_with_Advisor_Code_of_Conduct",
        "UserName",
        "out_ResponseJson",
        "Out_encrypted_Data"
      ],
      "ConstantsSectionElementsOrder": [],
      "AddedNamespaces": null
    },
    {
      "Path": "Process/CommonComponent/JsonToEncryptedData.xaml",
      "SortBy": 0,
      "VariablesSectionElementsOrder": [
        "decrypttext&Sequence_1"
      ],
      "ArgumentsSectionElementsOrder": [
        "in_MainPolicyJson",
        "in_PolicyNumber",
        "in_PolicyPersonName",
        "out_encrypttext"
      ],
      "ConstantsSectionElementsOrder": [],
      "AddedNamespaces": null
    }
  ]
}